tweet_id,source_file,source_index,url,date,username,raw_content,word_count,reply_count,likes_count,retweet_count,quote_count,num_links,has_media,has_quoted_tweet,duplicate_sources
1364444425192005639,0_cleaned_data.json,0,https://x.com/Prabathkv96/status/1364444425192005639,2021-02-24 05:17:55+00:00,,You're cute but i don't like fat guys 😅,9,11,23,0,0,0,False,True,[]
1507475083954036739,0_cleaned_data.json,1,https://x.com/goodfoodgal/status/1507475083954036739,2022-03-25 21:50:42+00:00,,"You may have noticed I don’t like men infiltrating women’s sport…it is unfair, it belittles women &amp; it panders to a politically correct woke narrative that - once again - many are too afraid to speak out against. https://t.co/3RGBEylQTo",39,35,354,65,6,0,True,False,[]
959685036311064576,0_cleaned_data.json,2,https://x.com/gregorysaIcido/status/959685036311064576,2018-02-03 07:08:37+00:00,,You know what I hate Niggers.,6,47,3,1,7,0,False,False,['0_cleaned_data.json']
1336692051249913862,0_cleaned_data.json,4,https://x.com/DrJessTaylor/status/1336692051249913862,2020-12-09 15:19:54+00:00,,"You know something? I’m sick of women having to be everything to even have an opinion on something whilst men can have no experiences, no qualifications and no fuckin idea what they are talking about and they are still given a platform to talk utter bollocks with no references.",49,24,871,94,23,0,False,False,[]
1212183791768236032,0_cleaned_data.json,5,https://x.com/CeddyOrNot/status/1212183791768236032,2020-01-01 01:28:31+00:00,,"Yes, my mannerism is often over the top, I KNOW I have that ""gay voice"" too, I also know that because of this, many people are uncomfortable around me, I know because I've experienced this since I was younger.

If I could un-gay myself and stop receiving constant hate I would.",51,106,388,10,3,0,False,False,"['0_cleaned_data.json', '0_cleaned_data.json', '0_cleaned_data.json', '0_cleaned_data.json', '0_cleaned_data.json', '0_cleaned_data.json', '0_cleaned_data.json', '0_cleaned_data.json', '0_cleaned_data.json']"
1267969990386315265,0_cleaned_data.json,15,https://x.com/Wolferinoooooo/status/1267969990386315265,2020-06-03 00:02:58+00:00,,"Yes, I support #AllLivesMatter. Why? 

Because I'm sick of the mainstream media cherry-picking murder cases

I'm sick of white people being villainized

I'm sick of people tearing each other down for their own ego

Character comes first, not the color of your skin.",43,7,24,4,1,0,False,False,['0_cleaned_data.json']
1359038037267742720,0_cleaned_data.json,17,https://x.com/ApostateProphet/status/1359038037267742720,2021-02-09 07:14:52+00:00,,"Yes, I hate Islam! For those who ask why, here is why I, an Ex-Muslim, criticize Islam:

https://t.co/qs0uO3wLaI",18,24,134,22,1,1,False,False,"['0_cleaned_data.json', '0_cleaned_data.json', '0_cleaned_data.json']"
286301069351452672,0_cleaned_data.json,21,https://x.com/christinelu/status/286301069351452672,2013-01-02 02:41:08+00:00,,Yes you are. RT @YesYoureRacist: Yes you are. RT @hthomas31: im not racist but I fucking hate chinese people,19,1,1,2,0,0,False,False,[]
1414306130130620417,0_cleaned_data.json,22,https://x.com/flaviasaraiv4/status/1414306130130620417,2021-07-11 19:30:32+00:00,,yeah i bring up politics and race and imperialism all the fucking time but yall do the same? i don’t like american gymnasts in general (save for very few exceptions). you guys bring up race. i do too.,38,2,7,0,0,0,False,False,[]
1243374808030572544,0_cleaned_data.json,23,https://x.com/Jack27688344/status/1243374808030572544,2020-03-27 03:10:29+00:00,,"Yea,we could only stay at home now...
Fuck you China!🤬

#FuckChina
#WuhanCoronaVirus 
#BoycottChina https://t.co/47bbbJHeX6",14,68,484,158,15,0,True,False,"['0_cleaned_data.json', '0_cleaned_data.json', '0_cleaned_data.json']"
1235232811898019844,0_cleaned_data.json,27,https://x.com/LittleRedSiren_/status/1235232811898019844,2020-03-04 15:57:06+00:00,,"yall i really hate old people, our server at this breakfast restaurant was gonna refill nick’s coffee but he didn’t need it so she goes “those phones must really be important” and walked away while i said out loud “i really hate old people” like worry bout yourself",48,1,1,0,0,0,False,False,[]
1156143661186506752,0_cleaned_data.json,28,https://x.com/KashhBella/status/1156143661186506752,2019-07-30 10:05:03+00:00,,Y’all I really hate lesbian sex and they add a stud in there 🙄😷,14,2,0,0,0,0,False,False,[]
1107011750463975430,0_cleaned_data.json,29,https://x.com/uncle_drew217/status/1107011750463975430,2019-03-16 20:12:23+00:00,,Y’all bitches must be stopped this is not ok under any circumstance. https://t.co/yY2OJfTsMh,13,207,5354,2187,1798,0,True,False,"['0_cleaned_data.json', '0_cleaned_data.json', '0_cleaned_data.json', '0_cleaned_data.json']"
1279505864827813892,0_cleaned_data.json,34,https://x.com/WonderKing82/status/1279505864827813892,2020-07-04 20:02:24+00:00,,"Y'all woke people are so damn hypocritical. Louis Farrakhan is not someone I take advice from, you can’t say you care about women, Jews, and LGBTQ people if you praise anything he says. Fuck that man. He's also a rape apologist.",41,26,427,88,7,0,False,False,[]
1513530301749895172,0_cleaned_data.json,35,https://x.com/sinamonchild/status/1513530301749895172,2022-04-11 14:51:58+00:00,,"y'all took ""ironic"" homophobia all the way back around to just regular hate crimes bc why are cishet women calling me a f*ggot bc i said they're just being regular homophobic",31,125,66190,6032,852,0,False,False,"['0_cleaned_data.json', '0_cleaned_data.json', '0_cleaned_data.json', '0_cleaned_data.json', '0_cleaned_data.json', '0_cleaned_data.json', '0_cleaned_data.json', '0_cleaned_data.json', '0_cleaned_data.json', '0_cleaned_data.json', '0_cleaned_data.json', '0_cleaned_data.json', '0_cleaned_data.json', '0_cleaned_data.json', '0_cleaned_data.json', '0_cleaned_data.json', '0_cleaned_data.json', '0_cleaned_data.json', '0_cleaned_data.json', '0_cleaned_data.json', '0_cleaned_data.json']"
1336811682341900288,0_cleaned_data.json,57,https://x.com/fatimasal82/status/1336811682341900288,2020-12-09 23:15:16+00:00,,Xenophobic attack on two women in mall parking lot. I’m so sick of women being targeted for their hijabs ffs. #yeg https://t.co/SejGMPQqIX,22,9,170,14,4,1,False,False,[]
1221570627720466434,0_cleaned_data.json,58,https://x.com/jennaytron/status/1221570627720466434,2020-01-26 23:08:27+00:00,,"Working as a nurse, this is a frustrating thing to watch. With China having lack of resource and nurses under appreciated w civilian frustrated. It will only get worst. #WuhanLockDown #WuhanCoronovirus #wuhanquarantine #wuhanoutbreak #CoronavirusOutbreak #wuhanpnemonia",35,3,6,8,1,0,False,False,[]
1535843870654681089,0_cleaned_data.json,59,https://x.com/em0_calz/status/1535843870654681089,2022-06-12 04:38:08+00:00,,words genuinely cant describe how much i fucking hate drunk people,11,2,12,0,0,0,False,False,[]
1071317680131661824,0_cleaned_data.json,60,https://x.com/boucherhayes/status/1071317680131661824,2018-12-08 08:16:53+00:00,,"Words carry connotations. Hope we can all agree on that much. 

So what's the difference between saying faggot and meaning faggot? 

When you're saying faggot, you give away the option of not meaning faggot, because you cannot use the word free of its connotation.",44,6,11,0,1,0,False,True,"['0_cleaned_data.json', '0_cleaned_data.json']"
1488583623930523652,0_cleaned_data.json,63,https://x.com/terrificprodig1/status/1488583623930523652,2022-02-01 18:42:47+00:00,,"Women are scummm!
Fuck them!
Fuck girlsss!
Fuck women!!!!",9,63,371,123,42,0,False,False,"['0_cleaned_data.json', '0_cleaned_data.json', '0_cleaned_data.json', '0_cleaned_data.json', '0_cleaned_data.json', '0_cleaned_data.json']"
1544192787020595201,0_cleaned_data.json,70,https://x.com/davvekat/status/1544192787020595201,2022-07-05 05:33:44+00:00,,"Why you should unfollow @Beecantremember , a thread:
Said I like men too, when that is incorrect and very wrong. I do not like men. False information from the left
Receipts: https://t.co/PT2KrqpKxE",32,1,0,0,0,0,True,False,[]
1492891385997017089,0_cleaned_data.json,71,https://x.com/eunmilf/status/1492891385997017089,2022-02-13 16:00:17+00:00,,WHY IS LGBT HERE I HATE LGBT https://t.co/pBUkGCfp1y,8,6,6,0,0,0,True,False,[]
1414106903798587398,0_cleaned_data.json,72,https://x.com/danae_hudlow/status/1414106903798587398,2021-07-11 06:18:53+00:00,,"Why is it totally fine and cool and even a little hip to say ""I don't like kids"" but it would be really ugly and unacceptable to say ""I don't like old people""?",33,10,93,3,1,0,False,False,"['0_cleaned_data.json', '0_cleaned_data.json']"
1315690015330979840,0_cleaned_data.json,75,https://x.com/bellapoarch/status/1315690015330979840,2020-10-12 16:25:18+00:00,,"Why is it not allowed to act cute? It’s a natural thing to most Asians. But people seem to hate me for it🙁 I’m Filipino and in the Philippines, we love Ulzzang and kawaii culture. I grew up with it so why can’t I just be myself?",47,508,10777,681,1184,0,False,False,"['0_cleaned_data.json', '0_cleaned_data.json', '0_cleaned_data.json', '0_cleaned_data.json', '0_cleaned_data.json', '0_cleaned_data.json', '0_cleaned_data.json', '0_cleaned_data.json', '0_cleaned_data.json', '0_cleaned_data.json', '0_cleaned_data.json', '0_cleaned_data.json']"
1418631654705336329,0_cleaned_data.json,88,https://x.com/NoHolyScripture/status/1418631654705336329,2021-07-23 17:58:38+00:00,,"Why I despise Islam.

‘Apostate men must be killed, while women must be held in solitary confinement and beaten every three days till they recant and return to Islam.’ https://t.co/BCzigECpqB",30,10,118,39,2,1,False,False,"['0_cleaned_data.json', '0_cleaned_data.json']"
1276148037677715456,0_cleaned_data.json,91,https://x.com/JasonSterlingRM/status/1276148037677715456,2020-06-25 13:39:36+00:00,,"Why are people so stupid? Really? I'm so sick of female streamers getting called out for cleavage or whatever. TF. So what? A streamer can't be sexy- can't have some sex appeal? Why? That's part of entertainment. So tired of pathetic guys whining about it ""not being fair"". Stfu.",49,5,25,2,0,0,False,True,"['0_cleaned_data.json', '0_cleaned_data.json']"
1366203492088639490,0_cleaned_data.json,94,https://x.com/DjHutchy246/status/1366203492088639490,2021-03-01 01:47:50+00:00,,Who is this Dj? And I don’t ever speak on Djs but I hate cunt yuh,16,1,4,0,0,0,False,False,[]
1207365082285514752,0_cleaned_data.json,95,https://x.com/spiiciearchive/status/1207365082285514752,2019-12-18 18:20:42+00:00,,white trans men are the funniest people on earth y'all are like wow i fucking hate women and think you're woke,21,2,45,2,1,0,False,False,[]
1372210726761271296,0_cleaned_data.json,96,https://x.com/llaurajpeg/status/1372210726761271296,2021-03-17 15:38:26+00:00,,white politicians called COVID the “chinese virus” and “kung flu” for an entire year and have the fucking audacity to wonder why asians being murdered or ask “how could this have happened??” lmao,33,14,672,246,6,0,False,False,"['0_cleaned_data.json', '0_cleaned_data.json', '0_cleaned_data.json', '0_cleaned_data.json']"
1433891614955499523,0_cleaned_data.json,101,https://x.com/shittyfilmlover/status/1433891614955499523,2021-09-03 20:36:16+00:00,,Whether or not it's a religion is semantics but liberals have become religious people and I can't stand religious people which is why I don't fuck with them anymore.,29,1,0,0,0,0,False,False,[]
1183127131766841344,0_cleaned_data.json,102,https://x.com/callhertiti/status/1183127131766841344,2019-10-12 21:07:44+00:00,,"Whenever a white person says something is “ghetto” or “ratchet”, ask them what it means and watch them start stuttering",20,245,71407,20873,972,0,False,False,"['0_cleaned_data.json', '0_cleaned_data.json', '0_cleaned_data.json', '0_cleaned_data.json', '0_cleaned_data.json', '0_cleaned_data.json', '0_cleaned_data.json', '0_cleaned_data.json', '0_cleaned_data.json', '0_cleaned_data.json', '0_cleaned_data.json', '0_cleaned_data.json', '0_cleaned_data.json', '0_cleaned_data.json', '0_cleaned_data.json', '0_cleaned_data.json', '0_cleaned_data.json', '0_cleaned_data.json', '0_cleaned_data.json']"
1324875763062071297,0_cleaned_data.json,122,https://x.com/JohnathanPerk/status/1324875763062071297,2020-11-07 00:46:11+00:00,,"When the enslaved African man, who spent a lifetime being whipped by his white overseer, ended one night in the quarters he built for his family, declared to his wife (whom he was allowed to see for breeding purposes only), ""I really hate white people""...he’s racist? How??",47,7,42,4,2,0,False,False,[]
1514317904447160322,0_cleaned_data.json,123,https://x.com/_I_am_RAJ/status/1514317904447160322,2022-04-13 19:01:37+00:00,,when she says i don't like female friends.....i have only male friends https://t.co/1uNoOOP6vb,13,10,47,37,0,0,True,False,['0_cleaned_data.json']
230778290212843520,0_cleaned_data.json,125,https://x.com/_koreyelaine/status/230778290212843520,2012-08-01 21:33:26+00:00,,When I watch things like the help&amp;colour purple I secretly hate white people till the films done,17,1,0,1,0,0,False,False,[]
1372915825842122753,0_cleaned_data.json,126,https://x.com/luciddixon_/status/1372915825842122753,2021-03-19 14:20:15+00:00,,when has being gay actually been the butt of the joke? i’m sick of men not being able to jokingly flirt with their friends without it being labelled as queerbaiting https://t.co/K6jBf6JG1Z,31,36,2674,124,10,0,True,False,"['0_cleaned_data.json', '0_cleaned_data.json']"
1465038459509395459,0_cleaned_data.json,129,https://x.com/venusianfem/status/1465038459509395459,2021-11-28 19:22:42+00:00,,what's the problem about women living with their natural bodies which means having pubic hair??? I can't stand women demonizing other women who don't shave just for a male y'all are grown stop this mindset which is harmful imposing certain beauty standards seriously,43,4,142,15,0,0,False,True,['0_cleaned_data.json']
1366074492120948738,0_cleaned_data.json,131,https://x.com/DrJessTaylor/status/1366074492120948738,2021-02-28 17:15:14+00:00,,"What the utter fuck. I’m so sick of women being sent violent shit on social media for having the most basic thoughts and opinions. 

You can’t get pregnant from lesbian sex. End PSA.",33,5,94,5,0,0,False,True,[]
1183100849310126080,0_cleaned_data.json,132,https://x.com/cjsnowdon/status/1183100849310126080,2019-10-12 19:23:18+00:00,,What I’m saying is that I’m sick of old people trying to steal my future.,15,12,83,8,1,0,False,False,[]
1210795068723826688,0_cleaned_data.json,133,https://x.com/JaydenCole/status/1210795068723826688,2019-12-28 05:30:14+00:00,,"Welp my Mom got called a ‘fucking cunt bitch’ by a homeless dude who tried to tell her his life story as I pulled her away into a shop, so she’s really getting the whole NYC experience. Happy Holidays! 🎄#ChristmasInNewYork",40,16,95,2,0,0,False,False,[]
1239609297895555072,0_cleaned_data.json,134,https://x.com/kaikouramonkey/status/1239609297895555072,2020-03-16 17:47:42+00:00,,"well done China, you've well and truly screwed us all over with this bloody virus, not forgetting Bird Flu &amp; SARS.. any others coming????? #coronavirusuk #covidー19uk #china #ChinaVirus",28,1,0,0,0,0,False,False,['0_cleaned_data.json']
398648903530057730,0_cleaned_data.json,136,https://x.com/YesYoureSexist/status/398648903530057730,2013-11-08 03:11:19+00:00,,"We can't even fucking ride bikes now? What the shit is this? @james19XX I'm not sexist, but girls riding bikes just looked weird af.",24,1,0,1,0,0,False,False,[]
290888055861153792,0_cleaned_data.json,137,https://x.com/WeAllKnowA/status/290888055861153792,2013-01-14 18:28:11+00:00,,We all know a faggot named Luke,7,225,455,1123,0,0,False,False,[]
682911043207696384,0_cleaned_data.json,138,https://x.com/WeAllKnowA/status/682911043207696384,2016-01-01 13:07:35+00:00,,We all know a bitch named Natalie,7,81,762,386,6,0,False,False,[]
1318388474785878016,0_cleaned_data.json,139,https://x.com/Dave_Horwitz/status/1318388474785878016,2020-10-20 03:08:01+00:00,,wanna feel old? look in the mirror ya fuckin. fuckin dinosaur. haha old ass bitch,15,34,5983,581,36,0,False,False,[]
1504910949580427267,0_cleaned_data.json,140,https://x.com/AlessaTaketwo/status/1504910949580427267,2022-03-18 20:01:44+00:00,,Unpopular opinion: I don't like women announcing men's basketball games.,10,595,2912,163,70,0,False,False,"['0_cleaned_data.json', '0_cleaned_data.json']"
1388905063448555535,0_cleaned_data.json,143,https://x.com/needyeve/status/1388905063448555535,2021-05-02 17:15:46+00:00,,"uhm not ppl telling me to go kms, and telling me I called them the n word and I don’t like Muslims when I literally had no idea they were black or Muslim... ok",34,0,1,0,1,0,False,False,[]
843361406451957761,0_cleaned_data.json,144,https://x.com/curlycam8meout/status/843361406451957761,2017-03-19 07:20:02+00:00,,"Two people I can't stand, drunk people when I'm sober and sober people when I'm drunk 😒",17,1,11,4,0,0,False,False,[]
1150015060770787328,0_cleaned_data.json,145,https://x.com/cherrynamgi/status/1150015060770787328,2019-07-13 12:12:11+00:00,,"TW/// islamophobia 

this is not okay, i cant believe im getting all of this hate for saying “bts muslim” and there is nothing wrong with me being Muslim and bisexual, i am valid. You are horrible person. i will find u nd end u bitch. I won’t let your stupid words hurt me, coward https://t.co/WImbKR8lmi",55,24,92,13,9,0,True,False,"['0_cleaned_data.json', '0_cleaned_data.json', '0_cleaned_data.json']"
1482323670026575873,0_cleaned_data.json,149,https://x.com/justagaybitchh_/status/1482323670026575873,2022-01-15 12:07:57+00:00,,"Tw// hatefull coments??

My whole fucking class + friendgroup keep calling me a n@zi bc i am 25% german, like uhm wtf?? 😑 , one off them even asked if i hate jewish people???, im so done with them all......",40,2,1,0,0,0,False,False,[]
1240313779855847424,0_cleaned_data.json,150,https://x.com/ProudSocialist/status/1240313779855847424,2020-03-18 16:27:03+00:00,,"Trump just did it again.

He called the coronavirus the “Chinese virus” and in doing so is inciting racism against Asian-Americans.

This needs to fucking stop right now.

Viruses don’t have a nationality &amp; they don’t discriminate. They affect all of us &amp; racism is not the cure.",48,180,2500,653,39,0,False,False,"['0_cleaned_data.json', '0_cleaned_data.json', '0_cleaned_data.json', '0_cleaned_data.json', '0_cleaned_data.json']"
1426226403381493765,0_cleaned_data.json,156,https://x.com/RobPadoa/status/1426226403381493765,2021-08-13 16:57:27+00:00,,Trillions of dollars have been spent on this fucking Chinese virus with a plus 90 % survival rate.. 9.9  million died 2020 from cancer..I watched my daughter die from cancer..3 months of suffering..fuck the virus..fuck the Chinese..fuck the pharma companies...fuck the lockdown..,42,16,237,41,1,0,False,False,"['0_cleaned_data.json', '0_cleaned_data.json', '0_cleaned_data.json']"
1130954113196412928,0_cleaned_data.json,160,https://x.com/TitaniaMcGrath/status/1130954113196412928,2019-05-21 21:50:47+00:00,,"To show my support for the trans community, I will be transitioning to male tomorrow afternoon at 4pm.

At 5pm I’ll transition back to female, because I despise men and could never be one for more than an hour.",39,301,8199,1144,95,0,False,False,[]
1321483833682784256,0_cleaned_data.json,161,https://x.com/TifaTheMonk/status/1321483833682784256,2020-10-28 16:07:52+00:00,,"Tifa isn’t the only character to have her breast size announced to the world.

While I agree this is unnecessary information, the fact that a character has large boobs should not be considered “damaging”

I’m so sick of women with large boobs being treated like we are a problem. https://t.co/jnRNwXPM3t",50,3,45,5,1,0,True,False,[]
1514019788141572097,0_cleaned_data.json,162,https://x.com/Stuffilysus/status/1514019788141572097,2022-04-12 23:17:01+00:00,,this wont be on AAN because i hate black people,10,0,0,0,0,0,False,False,[]
1366912693534420998,0_cleaned_data.json,163,https://x.com/neshhhy/status/1366912693534420998,2021-03-03 00:45:56+00:00,,this was 10 minutes ago &amp; they’re still sitting there waiting to be served 🤣🤣 I can’t stand Mexican men,20,1,13,0,0,0,False,False,[]
1232899495081365504,0_cleaned_data.json,164,https://x.com/_avztin/status/1232899495081365504,2020-02-27 05:25:20+00:00,,this mf did not just say the n word 4 times and still post the video i fucking hate white people https://t.co/xIFWXmdAq1,22,18,31,0,1,0,True,False,['0_cleaned_data.json']
1466104909863034888,0_cleaned_data.json,166,https://x.com/w0oluvr/status/1466104909863034888,2021-12-01 18:00:24+00:00,,this is y I don't like gay ppl,8,1,1,0,0,0,False,False,[]
1542174158301577216,0_cleaned_data.json,167,https://x.com/painpap1/status/1542174158301577216,2022-06-29 15:52:26+00:00,,"this is why i hate religious people, people fucking beheading each other in the name of god AND BEING FUCKING PROUD ABOUT IT

this is one of the major reasons behind me being an atheist",35,5,8,1,1,0,False,False,[]
1192081876585988096,0_cleaned_data.json,168,https://x.com/gnarlymari/status/1192081876585988096,2019-11-06 14:10:41+00:00,,This is why I hate religious people y’all are crazy as fuck lmao how do you even justify saying stupid shit like this,23,2,15,1,0,0,False,True,[]
1516366147842678788,0_cleaned_data.json,169,https://x.com/theangelgabrii/status/1516366147842678788,2022-04-19 10:40:37+00:00,,this is why i hate american breakfast because how does anybody but grits in their mouth but say coffee tastes bad,21,1,1,0,0,0,False,True,[]
1540476609831915522,0_cleaned_data.json,170,https://x.com/backupcowgirl/status/1540476609831915522,2022-06-24 23:26:59+00:00,,"this is why i fucking hate religious people in times like this 

“now that we have ripped away a bodily right, let’s pray that they don’t need them anymore” https://t.co/qjT17nCTvv",30,1,2,0,0,0,True,False,[]
1491808427529539585,0_cleaned_data.json,171,https://x.com/KolaBoof3/status/1491808427529539585,2022-02-10 16:17:00+00:00,,"This is why I don't like CHINA (frankly)

Over 1 million Muslims are in Concentration Camps for no other reason than being...MUSLIM.

That ain't right",25,2,1,1,0,0,False,False,['0_cleaned_data.json']
1346279702479167490,0_cleaned_data.json,173,https://x.com/Aznk__/status/1346279702479167490,2021-01-05 02:17:48+00:00,,This is why I can't stand Muslim twitter,8,0,0,0,0,0,False,False,[]
1339430440126562305,0_cleaned_data.json,174,https://x.com/_ambershaquell/status/1339430440126562305,2020-12-17 04:41:16+00:00,,this is the most disgusting comment section i’ve ever seen in my life. i really hate white people.,18,21,8,5,3,0,False,True,[]
1050899920738287617,0_cleaned_data.json,175,https://x.com/jademaximoff/status/1050899920738287617,2018-10-13 00:04:00+00:00,,This is so fucking ugly. I really hate gays and IM A GAY,13,1,1,0,0,0,False,True,[]
1225406154181939201,0_cleaned_data.json,176,https://x.com/PaulMer53/status/1225406154181939201,2020-02-06 13:09:28+00:00,,"This is me loike it or lump it. 
I am Welsh.  
I am British. 
I am Straight. 
I despise Islam. 
I don't do Diversity. 
I Dont do Multiculturalism. 
I support Tommy Robinson. 
I support Boris Johnson. 
I support Nigel Farage. 
I support our Military. 
I support the Uk. 
Support ME",50,72,387,111,28,0,False,False,['0_cleaned_data.json']
1398684935393710082,0_cleaned_data.json,178,https://x.com/mekkaokerekebye/status/1398684935393710082,2021-05-29 16:57:29+00:00,,"This has nothing to do with ""getting to the bottom of things."" Just say ""I hate Chinese people!"" and go.

Lab leak vs unintentional transmission doesn't change anything about what we should be doing next: vaccinating everyone in the world that wants to be vaccinated.",45,3,94,18,0,0,False,False,[]
1245151320199307264,0_cleaned_data.json,179,https://x.com/Peddyfn/status/1245151320199307264,2020-04-01 00:49:43+00:00,,This fcking Chink gets paid 300 thousand a month and now 400 thousand like wtf,15,3,2,0,0,0,False,True,[]
1345086157164580865,0_cleaned_data.json,180,https://x.com/dustyshotfirst/status/1345086157164580865,2021-01-01 19:15:05+00:00,,This dude just said the NFL stole a day from church lmao I can't stand religious people sometimes.,18,1,0,0,0,0,False,False,['0_cleaned_data.json']
1278815661259661313,0_cleaned_data.json,182,https://x.com/whosalex/status/1278815661259661313,2020-07-02 22:19:47+00:00,,this bitch think she in I Am Legend LMAOOO https://t.co/SYVgcWMPYe,10,1436,83496,23110,5799,0,True,False,"['0_cleaned_data.json', '0_cleaned_data.json', '0_cleaned_data.json', '0_cleaned_data.json', '0_cleaned_data.json', '0_cleaned_data.json', '0_cleaned_data.json', '0_cleaned_data.json', '0_cleaned_data.json', '0_cleaned_data.json', '0_cleaned_data.json', '0_cleaned_data.json', '0_cleaned_data.json', '0_cleaned_data.json', '0_cleaned_data.json', '0_cleaned_data.json']"
1320085401055318016,0_cleaned_data.json,199,https://x.com/kathygriffin/status/1320085401055318016,2020-10-24 19:31:00+00:00,,This bitch still talking when I already told her to shut the fuck up. https://t.co/yGU5b4kSSa,15,398,6154,363,83,0,True,False,[]
850433769748262912,0_cleaned_data.json,200,https://x.com/ritchietheforky/status/850433769748262912,2017-04-07 19:43:05+00:00,,They're all idiots dangerous idiots https://t.co/AxLv2JmN9N,6,0,0,0,0,1,False,True,['0_cleaned_data.json']
1429636502691143685,0_cleaned_data.json,202,https://x.com/keke_Gurlll/status/1429636502691143685,2021-08-23 02:47:58+00:00,,They treated Kayee like she was nothing the whole time she was there and then had the nerve to call her crazy when she snapped. This is why I don’t like white people 🙄 #YouMeAndMyEx,35,5,52,1,1,0,False,False,['0_cleaned_data.json']
1396761833214730242,0_cleaned_data.json,204,https://x.com/Suzemclaughlin/status/1396761833214730242,2021-05-24 09:35:46+00:00,,"These are my pals

@ROSAZAMBONINI &amp; @RhiannonV they are fierce &amp; fabulous

I’m sick of women who are young, progressive, love to dance, like a laugh/selfie being targeted by press &amp; yoon trolls &amp; those with anti-progressive anti-trans agenda

Got your back girls

#sisterhood https://t.co/dpY8ultKeC",45,6,38,5,0,0,True,False,[]
1302523873011826688,0_cleaned_data.json,205,https://x.com/colorlessunrlse/status/1302523873011826688,2020-09-06 08:27:45+00:00,,"There’s been a basic terror attack in the gay village and OF COURSE all the fucking gammons are frothing at the mouth trying to pin it on the islamic and muslim communities.

Just once can yall NOT BE RACIST!?  Literally any race can be a terrorist . shut the fuck up",51,14,34,3,4,0,False,False,"['0_cleaned_data.json', '0_cleaned_data.json', '0_cleaned_data.json', '0_cleaned_data.json', '0_cleaned_data.json']"
1387200029161627648,0_cleaned_data.json,211,https://x.com/zxckeatass/status/1387200029161627648,2021-04-28 00:20:34+00:00,,"there’s a sus wave rn? 

@TwitterSupport i hate muslims",9,4,4,0,0,0,False,False,[]
1529867769457610759,0_cleaned_data.json,212,https://x.com/luvvashleyy/status/1529867769457610759,2022-05-26 16:51:14+00:00,,"the way i can’t stand women who false claim serious allegations, like girl shut the fuck up before i beat your ass fr",23,3,8,1,1,0,False,False,[]
959399799723196416,0_cleaned_data.json,213,https://x.com/HeartEyes4Brady/status/959399799723196416,2018-02-02 12:15:11+00:00,,"The things I see on here, God I hate men #CringeWorthy 😖",12,16,16,2,0,0,False,False,['0_cleaned_data.json']
1543278775412178950,0_cleaned_data.json,215,https://x.com/KokiWabule/status/1543278775412178950,2022-07-02 17:01:47+00:00,,"The other day someone asked me why I don't like white people. Tell me rn, what is there to like??",20,1,42,8,1,0,False,False,['0_cleaned_data.json']
1319078969115697152,0_cleaned_data.json,217,https://x.com/MaeDianeAzores/status/1319078969115697152,2020-10-22 00:51:48+00:00,,"The other day I was attending an online mass where the priest said in his homily that ""homosexual unions destroy families"". With this statement of Pope Francis, I hope more priests will re-assess their dogmatic beliefs &amp; stop preaching unnecessary hate against the LGBT community",45,5,1208,202,10,0,False,True,[]
241141045612650496,0_cleaned_data.json,218,https://x.com/RyanTheImpaler/status/241141045612650496,2012-08-30 11:51:20+00:00,,the more i think about things the more i fucking hate jews,12,0,0,0,0,0,False,False,[]
1542821114514128897,0_cleaned_data.json,219,https://x.com/EuphoricsHIGH/status/1542821114514128897,2022-07-01 10:43:12+00:00,,The men in the comments 💀💀 I really hate men more and more,13,1,0,0,0,0,False,False,[]
1106484388005597184,0_cleaned_data.json,220,https://x.com/Marmar_Q/status/1106484388005597184,2019-03-15 09:16:50+00:00,,The media can fuck right off. The man shot dead defenseless worshippers and LIVE STREAMED it. Call him out for the fucking terrorist he is. Call out his disgusting little family for raising this trash the way you would a Muslim terrorist. Describe him as a fucking cunt.,48,1,93,119,0,0,False,True,[]
1481896510166077441,0_cleaned_data.json,221,https://x.com/Rainbow_Wxtch/status/1481896510166077441,2022-01-14 07:50:34+00:00,,"The LGBTQI community has pick mes too. The ones who think it’s a compliment when straight people tell them “I don’t like gay people but you’re cool.” Or “At least you’re not gay gay.”

Wake up 😩 that’s homophobia!",39,5,83,21,3,0,False,False,[]
1366789680931368963,0_cleaned_data.json,222,https://x.com/bbyhyunlix/status/1366789680931368963,2021-03-02 16:37:08+00:00,,The fact she posted this thinking she did something and is proud of wanting to invade his privacy and actually considered it. I’m so sick of white people,28,3,35,0,0,0,False,True,[]
1239044515874267136,0_cleaned_data.json,223,https://x.com/Sootradhar/status/1239044515874267136,2020-03-15 04:23:27+00:00,,"The Criminal Xi The Pooh Is Destroying Evidence? #ChinaVirus from #Wuhan is in Chongqing? 

Fuck Communism Fuck China

#BoycottChina #MakeChinaPay #WuhanVirus https://t.co/AxoCIG9luS",22,3,17,18,0,0,True,False,[]
1238420579566354432,0_cleaned_data.json,224,https://x.com/patcondell/status/1238420579566354432,2020-03-13 11:04:09+00:00,,"The Chinese Communist Party has gone into overdrive pushing the lie that the #Wuhanvirus started in the US. It started in #China, and it was spread around the world thanks to Chinese government negligence and lies. They are 100% responsible for every death. #Coronavirus #CCPvirus",45,59,859,352,11,0,False,False,"['0_cleaned_data.json', '0_cleaned_data.json']"
1399787393574703106,0_cleaned_data.json,227,https://x.com/WHATSTHEBEAT23/status/1399787393574703106,2021-06-01 17:58:16+00:00,,That’s because you’re antisemitic and it’s your way of saying “I hate Jewish people”.,14,3,1,0,0,0,False,True,"['0_cleaned_data.json', '0_cleaned_data.json']"
1073784276934684672,0_cleaned_data.json,230,https://x.com/DomWheat21/status/1073784276934684672,2018-12-15 03:38:16+00:00,,Tell y’all pussy ass AD schedule us every year. If y’all not gonna do that shit shut up. Y’all pussy,20,8,49,9,5,0,False,True,[]
1540444356653379586,0_cleaned_data.json,231,https://x.com/VereenaSayed/status/1540444356653379586,2022-06-24 21:18:49+00:00,,tell me why i fell asleep at like 7 am and woke up at 1 first thing I saw was the abortion shit I hate today and I hate men,30,6,901,64,0,0,False,False,"['0_cleaned_data.json', '0_cleaned_data.json', '0_cleaned_data.json']"
1456372554302623744,0_cleaned_data.json,235,https://x.com/AlexDanvers2017/status/1456372554302623744,2021-11-04 21:27:29+00:00,,"Student I’ve been working my ass off with, gotten into a mentoring group, gone to his games, etc:

“I don’t like gay people and it’s not homophobic to say that.”",30,35,50,3,0,0,False,False,[]
1319733525818544128,0_cleaned_data.json,236,https://x.com/flatlineuhl/status/1319733525818544128,2020-10-23 20:12:46+00:00,,"stop saying justin is retiring weirdos you don't know this man and it shows, please stfu and stop overthinking, calm ur titties bitch",23,4,125,21,2,0,False,False,[]
1220031499774447623,0_cleaned_data.json,237,https://x.com/gemma06085782/status/1220031499774447623,2020-01-22 17:12:31+00:00,,STOP FLIGHTS COMING OUT OF PLACES IN CHINA LIKE WUHAN FOR CHIRST SAKE ARE YOU STUPID? WAKE UP PEOPLE THATS HOW IT FUCKING SPREADS. #coronoavirus #China #ChinaVirus,27,1,46,10,1,0,False,False,[]
1409540948070178819,0_cleaned_data.json,238,https://x.com/deebasyed/status/1409540948070178819,2021-06-28 15:55:24+00:00,,"Spoke to two women today told they should just change their shift or move to another department or location if they want to avoid their sexual harasser 

I’m so sick of women (through no fault of their own!) being the ones expected to change their lives to avoid these men",50,6,113,23,1,0,False,False,[]
1513210143059726342,0_cleaned_data.json,239,https://x.com/LaikaSpaceDog/status/1513210143059726342,2022-04-10 17:39:46+00:00,,"Spoilers #KillingEve
.
.
Just gotta say, the argument isn’t that it’s “never” ok to kill a queer character. What’s played out and tired as hell is withholding love from two queer women, then letting them experience it for all of 5 seconds before immediately killing one. TIIIIRED.",48,39,5848,968,54,0,False,False,"['0_cleaned_data.json', '0_cleaned_data.json', '0_cleaned_data.json', '0_cleaned_data.json', '0_cleaned_data.json', '0_cleaned_data.json', '0_cleaned_data.json']"
1177572085310377984,0_cleaned_data.json,247,https://x.com/BestForBritain/status/1177572085310377984,2019-09-27 13:13:58+00:00,,"Sorry, but if you invite someone who has written pieces like:

Why I'm Sick of Gay Pride
Now It's The Tranny State
Angelina Jolie's Mastectomy; When It's Trendy to Be Ill

and

Breivik: A Monster Made by Multiculturalism

you can't legitimately feign shock when he talks crap. ~AA",48,8,423,158,4,0,False,True,[]
1199450151477284864,0_cleaned_data.json,248,https://x.com/gracielakills/status/1199450151477284864,2019-11-26 22:09:35+00:00,,sorry but i despise gays.,5,2,1,1,0,0,False,False,[]
1221148442061426688,0_cleaned_data.json,249,https://x.com/ItsJamieButNice/status/1221148442061426688,2020-01-25 19:10:51+00:00,,"Soo, after a 12 hour shift, I said I'd go and pick the Mrs up from 'drinks with her pals'... I cannot stand drunk people when I'm sober, even worse when I'm shattered... I can see this being the first time I fall out with her. 🙄😂",47,2,11,0,1,0,False,False,[]
490305702225645569,0_cleaned_data.json,250,https://x.com/StephyW/status/490305702225645569,2014-07-19 01:22:43+00:00,,"Someone in a truck on centre street just screamed out their window at me ""i fucking hate Jews"" #realnice #yyc",20,5,0,3,0,0,False,False,[]
1330076380311281664,0_cleaned_data.json,251,https://x.com/AishaYesufu/status/1330076380311281664,2020-11-21 09:11:35+00:00,,"Some say I hate Muslims 
Some say i hate Christians 
Some say I hate Igbos
Some say I hate hausas 
Some say I am gay rights activist 
Some say I am homophobic 
When will you all read my bio and see that even my mum says nobody wins in my court?
🤣🤣🤣🤣🤣🤣
I love the truth❤ https://t.co/DyjsiaPwSs",57,13,179,34,1,0,True,True,['0_cleaned_data.json']
1317921862240841728,0_cleaned_data.json,253,https://x.com/ayosogunro/status/1317921862240841728,2020-10-18 20:13:52+00:00,,"Some of you hate LGBTIQ+ people more than you love freedom from oppression. If you're like this, please change your mindset. 

I travelled around Nigeria last year, interviewing LGBT persons on their experiences with the police, it was crazy. We are all in #EndSARS together. https://t.co/FdMEBdZgi1",46,97,436,596,55,0,True,False,"['0_cleaned_data.json', '0_cleaned_data.json', '0_cleaned_data.json', '0_cleaned_data.json', '0_cleaned_data.json', '0_cleaned_data.json', '0_cleaned_data.json', '0_cleaned_data.json', '0_cleaned_data.json', '0_cleaned_data.json']"
1508625593318920194,0_cleaned_data.json,264,https://x.com/DarrickBuild/status/1508625593318920194,2022-03-29 02:02:25+00:00,,"Some girl needs protection at my school BC SHE DECIDED TO EXPRESS her opinion and she said "" I don't know why people hate me I know that I'm racist, homophobic and I don't like fat people but that's my opinion"" like B-",43,4,8,0,0,0,False,False,[]
1476280474603507714,0_cleaned_data.json,265,https://x.com/XVanFleet/status/1476280474603507714,2021-12-29 19:54:27+00:00,,"Some asked me why I hate China. My answer: I love China. I hate CCP/Communism.

CCP hijacked China &amp; made itself the embodiment of China.

CCP has no respect to the Chinese Civilization. They are the true heirs of Marxism, an alien, European, non-Chinese, &amp; destructive ideology. https://t.co/32MEutHWMQ",48,25,448,109,8,0,True,False,[]
1430586497883774978,0_cleaned_data.json,266,https://x.com/FHE_Dad/status/1430586497883774978,2021-08-25 17:42:54+00:00,,"So tired of people assuming opposing one thing means endorsing the opposite, or endorsing a thing means opposing the other.

-I love my LGBT brothers and sisters does not mean I hate the Family Proclamation.
-I love and fully endorse the #famproc does not mean I hate LGBT people.",49,7,132,8,3,0,False,False,[]
1371378382357766149,0_cleaned_data.json,267,https://x.com/DebKilroy/status/1371378382357766149,2021-03-15 08:30:59+00:00,,So the Prime Minister of this country called Australia just threatened to shoot women who complain about being raped &amp; sexually assaulted WTAF I’m sick of men’s violence Men who are elected into the highest office threatened us with violence if we don’t shut up #March4Justiceau,46,6,159,35,1,0,False,False,['0_cleaned_data.json']
1279408569427922944,0_cleaned_data.json,269,https://x.com/prdszicoMOVED/status/1279408569427922944,2020-07-04 13:35:47+00:00,,"so not only is that person saying we muslims are the root evil in this world and the cause for “a lot of horrible things” and that you need to be a “terrible person” for agreeing with islam but they’re also angry that they can’t be islamophobic in peace 🥴

i hate it here. https://t.co/mcNGzjzIt3",55,5,60,18,3,0,True,False,[]
1316727262256005121,0_cleaned_data.json,270,https://x.com/AustinVanLoon/status/1316727262256005121,2020-10-15 13:06:57+00:00,,"So instead of a debate, Biden and Trump are going to do separate town halls? At the same time but on different channels? Sometimes I really hate American politics...",29,1,1,0,0,0,False,False,[]
1539263007762563072,0_cleaned_data.json,271,https://x.com/Kennymack1971/status/1539263007762563072,2022-06-21 15:04:33+00:00,,"Shut up.

I'm sick of white people who expect Democrats to do the job they themselves cannot or will not do.

These are YOUR friends, family, neighbors and coworkers falling for this stupid RW propaganda.

Maybe get off your mayonnaise asses, confront them and stop being cowards",47,12,182,64,4,0,False,True,"['0_cleaned_data.json', '0_cleaned_data.json']"
522595296811831296,0_cleaned_data.json,274,https://x.com/curvables/status/522595296811831296,2014-10-16 03:50:02+00:00,,"She play Quarterback, and got a cheerleader girlfriend... YUPP this hoe more of a man than I'll ever be. http://t.co/QlUUaJlyiZ",20,395,15890,12603,1,0,True,False,[]
1485141118413070337,0_cleaned_data.json,275,https://x.com/ashjuiceblues/status/1485141118413070337,2022-01-23 06:43:29+00:00,,she all “imma kiss you” on imessage but crying about getting bullied on twitter i do not like gay people,20,1,0,0,0,0,False,True,[]
1319242412804481025,0_cleaned_data.json,276,https://x.com/cdqolowo/status/1319242412804481025,2020-10-22 11:41:16+00:00,,Seyi Tinubu Howfar. heard u ran away to London already 👀 no worry karma is a bitch. U and all ur family e o le ever ni isimin mo konshe epe 💀 I told u dis wil mark the end of oppressor era. How u see am now ✊ Nigga tryna play fast 1 u n ur team run go write fake news shebi😳,64,216,5873,2558,110,0,False,False,"['0_cleaned_data.json', '0_cleaned_data.json', '0_cleaned_data.json', '0_cleaned_data.json', '0_cleaned_data.json', '0_cleaned_data.json']"
1320388405243662336,0_cleaned_data.json,283,https://x.com/sukihanagoat/status/1320388405243662336,2020-10-25 15:35:02+00:00,,Selling Pussy is not the only job in the world uno that right?? My friend makes $1200 a day just doing eyelashes. Just putting that out there if your not happy being a sex worker 💜,36,14,826,85,23,0,False,False,"['0_cleaned_data.json', '0_cleaned_data.json']"
1541273727727538176,0_cleaned_data.json,286,https://x.com/OtomeBlkGrl/status/1541273727727538176,2022-06-27 04:14:26+00:00,,See? This is why I don’t like black people. Honoring kitten heels? Y’all can go to hell!,17,1,14,1,0,0,False,False,[]
1344291785929940996,0_cleaned_data.json,287,https://x.com/SamShutUp_/status/1344291785929940996,2020-12-30 14:38:32+00:00,,"See this pic now, that's why i hate muslims😒🙄. 

#Islamophobia_in_india https://t.co/8gsavtRXwA",11,7,25,9,1,0,True,False,[]
1240315864714547203,0_cleaned_data.json,288,https://x.com/jfreewright/status/1240315864714547203,2020-03-18 16:35:20+00:00,,"Scientists: COVID-19

@realDonaldTrump: Chinese Virus

This is the problem in a nutshell, and still he cannot see it. A fucking idiot even as the ship bounces off the bottom and cracks open.",32,22,310,46,2,0,False,False,[]
1255663044773982209,0_cleaned_data.json,289,https://x.com/BreitbartNews/status/1255663044773982209,2020-04-30 00:59:33+00:00,,"Rutgers University Professor Brittney Cooper unleashed a tirade at supporters of President Trump in a social media thread this week. In response to the recent campaign to end Chinese virus shutdowns, Cooper posted, “Fuck each and every Trump supporter.” https://t.co/qYozjypoDX",40,2098,847,551,448,1,False,False,['0_cleaned_data.json']
1078450558694912000,0_cleaned_data.json,291,https://x.com/IHEARTXBAILEY/status/1078450558694912000,2018-12-28 00:40:24+00:00,,"reasons why i hate myself

•i’m ugly
•i’m fat
•i try too hard
•i cry a lot
•i worry too much
•i get frustrated too much
•i cry a LOT
•boys don’t notice me
•i don’t care about myself, i put other people before my feelings
•i cry a  l o t
•there’s a lot more i could say",59,25,294,84,4,0,False,False,"['0_cleaned_data.json', '0_cleaned_data.json', '0_cleaned_data.json']"
1468770957003157506,0_cleaned_data.json,295,https://x.com/RumiAkiBro/status/1468770957003157506,2021-12-09 02:34:19+00:00,,Reason why I despise American wrestling fans with such racist disrespect. 😡 #AEWDynamite https://t.co/Iw3LBM1BUo,14,3,2,0,0,0,True,False,"['0_cleaned_data.json', '0_cleaned_data.json']"
1265720382843056128,0_cleaned_data.json,298,https://x.com/SeanYoo/status/1265720382843056128,2020-05-27 19:03:49+00:00,,"re: that Michael Porter Jr tweet: I'm so sick of religious people continuing to say prayer can solve everything. The bible literally says that ""faith without works is dead"" and in the case of rampant violence stemming from racism, prayer won't do anything, only action will.",46,40,2320,354,22,0,False,False,"['0_cleaned_data.json', '0_cleaned_data.json', '0_cleaned_data.json', '0_cleaned_data.json']"
1542205180547960834,0_cleaned_data.json,303,https://x.com/Kwite/status/1542205180547960834,2022-06-29 17:55:42+00:00,,Pro life more like I hate women,7,56,3811,257,7,0,False,False,"['0_cleaned_data.json', '0_cleaned_data.json']"
1528158438642946048,0_cleaned_data.json,306,https://x.com/mojorizn1/status/1528158438642946048,2022-05-21 23:38:58+00:00,,Political ads in Bama focus on three things. 1. I love Trump. 2. I hate transgender people. 3. Build the wall. What do blue states ads emphasize?,27,11,14,0,0,0,False,False,['0_cleaned_data.json']
1529553099244773376,0_cleaned_data.json,308,https://x.com/jakeshieldsajj/status/1529553099244773376,2022-05-25 20:00:51+00:00,,people seem to think that me believing we don’t need a month celebrating Someone’s sexuality means I don’t like gays.   This is completely false,24,14,115,6,4,0,False,False,[]
1436070538565271555,0_cleaned_data.json,309,https://x.com/gayeonjunie/status/1436070538565271555,2021-09-09 20:54:31+00:00,,"oomfs flirting in the middle of the tl, I cannot stand gay people",13,2,6,0,0,0,False,False,['0_cleaned_data.json']
1333168746119229440,0_cleaned_data.json,311,https://x.com/cig_angel333/status/1333168746119229440,2020-11-29 21:59:32+00:00,,oomf rly thought she could tweet “i hate lgbt and neurodivergent ppl” and no one would say anything 😐😐😐,19,2,8,0,0,0,False,False,[]
1235260008150913024,0_cleaned_data.json,312,https://x.com/akhilreddy_yar/status/1235260008150913024,2020-03-04 17:45:10+00:00,,"Only product lasting so long from China #coronavirus Death : Made in China 🤪

#coronavirusindia #Corona #ChinaVirus",17,2,1,0,0,0,False,False,[]
1217258960589377538,0_cleaned_data.json,313,https://x.com/fahimaxa/status/1217258960589377538,2020-01-15 01:35:26+00:00,,One of the main reasons why I cannot stand asian boys. They get so disrespectful and rude when they get turned down,22,1,14,3,1,0,False,False,[]
1293607038648487938,0_cleaned_data.json,314,https://x.com/dillondanis/status/1293607038648487938,2020-08-12 17:55:26+00:00,,on my way to fuck your bitch. https://t.co/SS8t8ecXoR,8,228,2312,151,60,0,True,False,"['0_cleaned_data.json', '0_cleaned_data.json']"
502296205192597504,0_cleaned_data.json,317,https://x.com/miilkkk/status/502296205192597504,2014-08-21 03:28:42+00:00,,On a scale of 1-10 this bitch is literally a 6 http://t.co/IfzOq8MJHC,12,110,2266,1492,0,0,True,False,[]
1189603769950060544,0_cleaned_data.json,318,https://x.com/Iam_mayorkush/status/1189603769950060544,2019-10-30 18:03:35+00:00,,Old age or not Davido gave that man his size nicely...I'm sick of old people meddling in the affairs of youths and suddenly acting surprised when they get washed 😂,30,2,2,0,0,0,False,False,[]
1365619595999084547,0_cleaned_data.json,319,https://x.com/janieedow/status/1365619595999084547,2021-02-27 11:07:38+00:00,,Okay you have money and so fucking what?? I’m so sick of men that speak this way.,17,4,18,3,0,0,False,False,['0_cleaned_data.json']
1462880581553836035,0_cleaned_data.json,321,https://x.com/vanadium001/status/1462880581553836035,2021-11-22 20:28:04+00:00,,Oh my god I really hate white people boutta pull some terrorist shit,13,2,1,0,0,0,False,False,[]
1275887299230928896,0_cleaned_data.json,322,https://x.com/abbsmk/status/1275887299230928896,2020-06-24 20:23:31+00:00,,oh how i despise men https://t.co/uc6wJ4dgcj,6,16,62,3,1,0,True,False,[]
1257223532460810241,0_cleaned_data.json,323,https://x.com/leekern13/status/1257223532460810241,2020-05-04 08:20:22+00:00,,"Oh fuck off Owen Jones, you redundant Shit Weasel. You spent four years trying to get elected a man who champions Jew killers, funds Holocaust deniers &amp; praises nazi style artwork. Don’t try &amp; feign you have any righteous indignation about an antisemitic book 📚",45,140,1183,145,26,0,False,False,['0_cleaned_data.json']
1473464328745627657,0_cleaned_data.json,325,https://x.com/aspenleette/status/1473464328745627657,2021-12-22 01:24:06+00:00,,"Nvm I stand corrected, this is the dumbest shit I done read in a minute. I can’t stand gay people like this.",22,2,4,0,0,0,False,False,[]
1238344513376014336,0_cleaned_data.json,326,https://x.com/Sootradhar/status/1238344513376014336,2020-03-13 06:01:53+00:00,,"Now these bottomless stupid CCP bots will talk about science. These fkng btards must have their ass whipped blue. 

I pray to God that Communists all over the world die a painful death.

Fk Communist China #WuhanVirus",37,3,26,13,0,0,False,True,[]
1395129091909734407,0_cleaned_data.json,327,https://x.com/mousearonia/status/1395129091909734407,2021-05-19 21:27:50+00:00,,Now I don’t mean this lightly but screw Greg Abbott. I’m so sick of men trying to control MY reproductive rights. If you are “pro life” and think Greg Abbott is in the right then you can get screwed too. Thank you and goodbye.,44,1,30,9,0,0,False,False,[]
1287181269697208322,0_cleaned_data.json,328,https://x.com/brightmyth/status/1287181269697208322,2020-07-26 00:21:44+00:00,,nour not knowing binta bee and elisa were dating because they thought they were calling each other wives and gfs and sending each other love letters in a platonic way 😭😭 😭 I can't STAND gay people,37,4,60,2,0,0,False,False,[]
1516363429707239428,0_cleaned_data.json,329,https://x.com/hearteyesmattel/status/1516363429707239428,2022-04-19 10:29:48+00:00,,not them explicitly asking the audience to ask them “nothing weird” and then that guy asking the make out question i hate gay people 😭,25,2,52,1,0,0,False,False,[]
1539969692319641602,0_cleaned_data.json,330,https://x.com/R0SYGASHINA/status/1539969692319641602,2022-06-23 13:52:40+00:00,,not gonna go on a rant about how much I despise religious people bc I'll be here for a while,20,0,4,0,0,0,False,False,[]
365623302187790336,0_cleaned_data.json,331,https://x.com/izhariezlamo/status/365623302187790336,2013-08-08 23:59:22+00:00,,Norliah ghani zaman2 mude!! Hot jugak yer. Hahaha,8,0,0,0,0,0,False,False,[]
1332468578050854912,0_cleaned_data.json,332,https://x.com/Co_B/status/1332468578050854912,2020-11-27 23:37:19+00:00,,"Nobody: 

My grandma: yea Gregory was touch by another man as a child 

(While my cousin was sitting there) 

Dawg I fucking hate black people!! Like why the fuck you bring up personal trauma in front of people",38,2,1,0,0,0,False,False,[]
1367147850497482762,0_cleaned_data.json,333,https://x.com/MikaYuuCEO/status/1367147850497482762,2021-03-03 16:20:22+00:00,,"No. I'm tired of seeing the same story over and over again. I'm sick of lgbt+ characters being killed. We shouldn't settle, we should fight back! We can do it. What are we all here for? Ons manga can make a difference😼 #Seraphofthe100 #ミカ優 #MikaYuu",45,2,18,4,1,0,False,True,[]
1480909420397801476,0_cleaned_data.json,334,https://x.com/eatprayloverr/status/1480909420397801476,2022-01-11 14:28:14+00:00,,Never wanted to say I hate Muslim as much as I do today. Keep your CULTUREAL BELIEFS TF AWAY FROM ME,21,2,9,1,1,0,False,False,[]
1161036325149184000,0_cleaned_data.json,335,https://x.com/divinghightide/status/1161036325149184000,2019-08-12 22:06:45+00:00,,n*cki can clown on her own time but NOT while she's promoting a single with megan omg i cannot stand old people,22,1,1,0,0,0,False,False,[]
1543974373228482561,0_cleaned_data.json,336,https://x.com/couqcontrecoup/status/1543974373228482561,2022-07-04 15:05:50+00:00,,"My time on this earth is limited. I hate gay people.

(  smoking angrily ???  )",16,1,1,0,0,0,False,False,[]
1540804473135812608,0_cleaned_data.json,337,https://x.com/miitchelVR/status/1540804473135812608,2022-06-25 21:09:47+00:00,,"my mom was drunk, PICKED UP MY 12 YEAR OLD DOG, AND DROPPED HIM, AND FUCKING DIED, I FUCKING HATE DRUNK PEOPLE GO GET A NORMAL FUCKING LIFE ALL OF YOU",31,30,119,1,1,0,False,False,[]
1421974885006516225,0_cleaned_data.json,338,https://x.com/AlexiaMarinette/status/1421974885006516225,2021-08-01 23:23:26+00:00,,"My main reason why I can’t stand gay men is “How on earth are you this fine😍, and don’t want women?”.
Not like I really have a problem with them ohh, but how can a fine man want another man instead of me?😅
Just howww🤷🏽‍♀️🤷🏽‍♀️🤷🏽‍♀️???",45,11,45,8,2,0,False,False,"['0_cleaned_data.json', '0_cleaned_data.json']"
1506671864688508929,0_cleaned_data.json,341,https://x.com/sourpnk999/status/1506671864688508929,2022-03-23 16:38:59+00:00,,"my coworker looking at me and saying ""i hate transgender people, why are y'all so loud i was just trying to take a shit in the bathroom in PEACE""

😭😭 WHAT",31,2,2,0,0,0,False,False,[]
1466821485503393793,0_cleaned_data.json,342,https://x.com/_SpoiledBritt_/status/1466821485503393793,2021-12-03 17:27:49+00:00,,"My boss told me her grandmom told her  best friend, who’s  black “ the way I grew up , I was a little racist but I like love you guys” . Now she telling me she’s not racist . She even wanted to go to Africa . I really hate white people dawg . These mfs are sick",58,1,2,0,1,0,False,False,[]
1297198690902433793,0_cleaned_data.json,343,https://x.com/BurgSkeletal/status/1297198690902433793,2020-08-22 15:47:23+00:00,,"My beliefs are odd.

I have some nationalist ideals, but I despise American exceptionalism and economic isolationism.",17,3,8,0,0,0,False,False,[]
1491547465060958210,0_cleaned_data.json,344,https://x.com/ajsteelshow/status/1491547465060958210,2022-02-09 23:00:01+00:00,,"My 19 year old came home with a smile, telling me she had her best day ever. Today was the 1st time she went to college in person. It was at this moment I realized how much I hate China, our politicians, &amp; media for crushing our children's souls for 2 years. I will never forgive! https://t.co/YiYdhunddZ",57,37,351,111,10,0,True,False,[]
997690384166899713,0_cleaned_data.json,345,https://x.com/abdullahadam/status/997690384166899713,2018-05-19 04:08:18+00:00,,"Muslims: If you left Islam why are you always taking about Islam?

Me: Because I fucking hate Islam.
I hated it, that's why I left it.
I hate it, that's why I talk about it.
Is that clear?

~ Stolen from a friend 😁",44,3,44,10,1,0,False,False,[]
1291456233090609154,0_cleaned_data.json,346,https://x.com/MaggieLindemann/status/1291456233090609154,2020-08-06 19:28:54+00:00,,men be like “ew i hate gay people so gross ew don’t look at me” then be like “mm yummy bi girls kiss each other so hot mm sexy”,29,151,13761,1770,89,0,False,False,"['0_cleaned_data.json', '0_cleaned_data.json', '0_cleaned_data.json', '0_cleaned_data.json', '0_cleaned_data.json', '0_cleaned_data.json', '0_cleaned_data.json', '0_cleaned_data.json', '0_cleaned_data.json', '0_cleaned_data.json']"
1393391657366822913,0_cleaned_data.json,357,https://x.com/iamjessnellaa/status/1393391657366822913,2021-05-15 02:23:53+00:00,,Men are dumb as hell.,5,58,66,7,9,0,False,False,"['0_cleaned_data.json', '0_cleaned_data.json']"
